{"cameraMode":{"drawMode":0,"name":"Shaded","section":"Shading Mode"},"sceneLighting":false,"audioPlay":false,"sceneViewState":{"m_AlwaysRefresh":false,"showFog":true,"showSkybox":false,"showFlares":true,"showImageEffects":true,"showParticleSystems":true,"showVisualEffectGraphs":true,"m_FxEnabled":true},"in2DMode":false,"pivot":{"x":-0.3820418417453766,"y":-1.5305343866348267,"z":-0.6140612363815308},"rotation":{"x":0.12357921898365021,"y":-0.04067394882440567,"z":0.005070064682513475,"w":0.9914931654930115},"size":7.656623840332031,"orthographic":false}